ID,nspI,nspP,habitat
1,25,3,Hab1
2,41,8,Hab1
3,27,4,Hab1
4,46,9,Hab1
5,46,9,Hab1
6,17,0,Hab1
7,34,5,Hab1
8,43,9,Hab1
9,32,6,Hab1
10,32,5,Hab1
11,47,10,Hab1
12,31,5,Hab1
13,36,7,Hab1
14,35,6,Hab1
15,16,1,Hab1
16,46,9,Hab1
17,23,2,Hab1
18,18,0,Hab1
19,26,3,Hab1
20,46,10,Hab1
21,44,9,Hab1
22,40,7,Hab1
23,35,6,Hab1
24,46,10,Hab1
25,40,7,Hab1
26,37,7,Hab1
27,32,5,Hab1
28,35,6,Hab1
29,25,3,Hab1
30,20,1,Hab1
31,45,10,Hab1
32,44,9,Hab1
33,38,7,Hab1
34,39,8,Hab1
35,18,0,Hab1
36,32,5,Hab1
37,39,8,Hab1
38,23,2,Hab1
39,25,3,Hab1
40,23,2,Hab1
41,22,1,Hab1
42,30,4,Hab1
43,29,4,Hab1
44,29,4,Hab1
45,21,2,Hab1
46,17,1,Hab1
47,22,2,Hab1
48,28,5,Hab1
49,29,3,Hab1
50,50,9,Hab1
51,18,0,Hab1
52,31,4,Hab1
53,44,8,Hab1
54,20,1,Hab1
55,35,6,Hab1
56,22,2,Hab1
57,21,1,Hab1
58,39,8,Hab1
59,43,9,Hab1
60,30,4,Hab1
61,39,7,Hab1
62,18,1,Hab1
63,28,4,Hab1
64,25,3,Hab1
65,38,8,Hab1
66,30,4,Hab1
67,41,8,Hab1
68,39,8,Hab1
69,46,8,Hab1
70,29,4,Hab1
71,43,8,Hab1
72,37,6,Hab1
73,41,7,Hab1
74,19,0,Hab1
75,33,5,Hab1
76,24,2,Hab1
77,28,4,Hab1
78,31,6,Hab1
79,28,4,Hab1
80,19,1,Hab1
81,22,2,Hab1
82,36,7,Hab1
83,28,4,Hab1
84,40,8,Hab1
85,21,1,Hab1
86,28,4,Hab1
87,44,10,Hab1
88,40,9,Hab1
89,46,9,Hab1
90,23,2,Hab1
91,22,1,Hab1
92,35,7,Hab1
93,23,3,Hab1
94,36,7,Hab1
95,27,3,Hab1
96,24,2,Hab1
97,47,8,Hab1
98,21,1,Hab1
99,31,5,Hab1
100,30,5,Hab1
101,37,6,Hab1
102,27,3,Hab1
103,30,5,Hab1
104,48,10,Hab1
105,35,5,Hab1
106,44,9,Hab1
107,44,9,Hab1
108,39,6,Hab1
109,33,4,Hab1
110,21,1,Hab1
111,41,9,Hab1
112,28,3,Hab1
113,20,1,Hab1
114,43,9,Hab1
115,37,7,Hab1
116,18,1,Hab1
117,31,5,Hab1
118,51,10,Hab1
119,33,6,Hab1
120,29,4,Hab1
121,33,6,Hab1
122,24,3,Hab1
123,27,3,Hab1
124,22,2,Hab1
125,27,4,Hab1
126,44,10,Hab1
127,26,2,Hab1
128,20,1,Hab1
129,17,1,Hab1
130,38,7,Hab1
131,35,6,Hab1
132,46,9,Hab1
133,39,7,Hab1
134,38,7,Hab1
135,33,5,Hab1
136,39,7,Hab1
137,40,8,Hab1
138,40,8,Hab1
139,47,10,Hab1
140,27,4,Hab1
141,28,3,Hab1
142,28,4,Hab1
143,14,0,Hab1
144,27,2,Hab1
145,39,8,Hab1
146,22,2,Hab1
147,24,2,Hab1
148,21,1,Hab1
149,22,2,Hab1
150,36,7,Hab1
151,44,8,Hab1
152,32,5,Hab1
153,30,4,Hab1
154,26,2,Hab1
155,20,1,Hab1
156,28,4,Hab1
157,32,6,Hab1
158,25,2,Hab1
159,29,4,Hab1
160,21,2,Hab1
161,31,5,Hab1
162,27,4,Hab1
163,35,6,Hab1
164,27,4,Hab1
165,26,4,Hab1
166,29,5,Hab1
167,39,7,Hab1
168,22,2,Hab1
169,27,4,Hab1
170,31,3,Hab1
171,34,6,Hab1
172,22,2,Hab1
173,45,9,Hab1
174,41,7,Hab1
175,36,7,Hab1
176,35,6,Hab1
177,30,4,Hab1
178,31,5,Hab1
179,41,9,Hab1
180,36,6,Hab1
181,36,8,Hab1
182,24,3,Hab1
183,39,7,Hab1
184,28,3,Hab1
185,37,6,Hab1
186,30,5,Hab1
187,25,3,Hab1
188,37,6,Hab1
189,45,9,Hab1
190,44,9,Hab1
191,23,3,Hab1
192,26,3,Hab1
193,47,10,Hab1
194,37,6,Hab1
195,40,9,Hab1
196,30,5,Hab1
197,32,4,Hab1
198,35,7,Hab1
199,28,2,Hab1
200,34,6,Hab1
201,25,2,Hab1
202,50,10,Hab1
203,35,6,Hab1
204,33,5,Hab1
205,29,4,Hab1
206,50,9,Hab1
207,26,4,Hab1
208,24,3,Hab1
209,25,2,Hab1
210,23,2,Hab1
211,31,5,Hab1
212,34,3,Hab1
213,21,2,Hab1
214,38,7,Hab1
215,14,0,Hab1
216,40,7,Hab1
217,28,4,Hab1
218,31,4,Hab1
219,39,8,Hab1
220,48,9,Hab1
221,25,3,Hab1
222,47,10,Hab1
223,35,7,Hab1
224,41,7,Hab1
225,24,1,Hab1
226,25,4,Hab1
227,32,5,Hab1
228,33,6,Hab1
229,40,7,Hab1
230,44,9,Hab1
231,30,6,Hab1
232,28,4,Hab1
233,31,5,Hab1
234,20,1,Hab1
235,24,3,Hab1
236,26,4,Hab1
237,20,2,Hab1
238,42,8,Hab1
239,27,2,Hab1
240,40,8,Hab1
241,29,5,Hab1
242,37,7,Hab1
243,24,2,Hab1
244,34,6,Hab1
245,28,3,Hab1
246,37,7,Hab1
247,29,4,Hab1
248,44,10,Hab1
249,45,10,Hab1
250,39,7,Hab1
251,38,3,Hab2
252,33,2,Hab2
253,45,6,Hab2
254,31,3,Hab2
255,40,5,Hab2
256,53,8,Hab2
257,30,2,Hab2
258,37,4,Hab2
259,47,5,Hab2
260,54,9,Hab2
261,52,9,Hab2
262,54,9,Hab2
263,44,7,Hab2
264,55,10,Hab2
265,43,5,Hab2
266,42,6,Hab2
267,37,3,Hab2
268,40,3,Hab2
269,24,0,Hab2
270,47,5,Hab2
271,50,9,Hab2
272,28,0,Hab2
273,30,1,Hab2
274,33,2,Hab2
275,54,8,Hab2
276,48,7,Hab2
277,58,10,Hab2
278,43,5,Hab2
279,29,1,Hab2
280,44,6,Hab2
281,49,8,Hab2
282,32,1,Hab2
283,39,4,Hab2
284,34,2,Hab2
285,30,1,Hab2
286,38,4,Hab2
287,31,1,Hab2
288,33,2,Hab2
289,29,1,Hab2
290,48,7,Hab2
291,38,3,Hab2
292,30,1,Hab2
293,28,1,Hab2
294,56,9,Hab2
295,50,8,Hab2
296,50,8,Hab2
297,59,10,Hab2
298,31,1,Hab2
299,32,1,Hab2
300,51,8,Hab2
301,47,8,Hab2
302,27,0,Hab2
303,51,8,Hab2
304,50,7,Hab2
305,46,6,Hab2
306,42,5,Hab2
307,30,2,Hab2
308,25,0,Hab2
309,43,5,Hab2
310,39,5,Hab2
311,37,4,Hab2
312,41,5,Hab2
313,50,7,Hab2
314,28,1,Hab2
315,40,4,Hab2
316,48,8,Hab2
317,53,8,Hab2
318,31,2,Hab2
319,39,4,Hab2
320,50,9,Hab2
321,56,9,Hab2
322,35,3,Hab2
323,33,1,Hab2
324,47,7,Hab2
325,35,1,Hab2
326,26,0,Hab2
327,57,10,Hab2
328,27,0,Hab2
329,32,3,Hab2
330,55,9,Hab2
331,45,6,Hab2
332,35,3,Hab2
333,48,7,Hab2
334,52,8,Hab2
335,35,3,Hab2
336,40,5,Hab2
337,49,7,Hab2
338,46,6,Hab2
339,47,6,Hab2
340,57,10,Hab2
341,38,4,Hab2
342,30,1,Hab2
343,41,5,Hab2
344,31,2,Hab2
345,43,5,Hab2
346,43,4,Hab2
347,56,10,Hab2
348,40,4,Hab2
349,33,2,Hab2
350,45,6,Hab2
351,26,1,Hab2
352,52,10,Hab2
353,40,5,Hab2
354,29,2,Hab2
355,42,6,Hab2
356,57,10,Hab2
357,46,7,Hab2
358,41,4,Hab2
359,34,3,Hab2
360,51,8,Hab2
361,31,1,Hab2
362,31,2,Hab2
363,56,9,Hab2
364,35,3,Hab2
365,37,4,Hab2
366,50,8,Hab2
367,31,2,Hab2
368,27,0,Hab2
369,37,4,Hab2
370,40,5,Hab2
371,38,4,Hab2
372,34,3,Hab2
373,53,9,Hab2
374,42,5,Hab2
375,43,5,Hab2
376,59,10,Hab2
377,50,8,Hab2
378,37,2,Hab2
379,32,3,Hab2
380,57,10,Hab2
381,45,6,Hab2
382,50,8,Hab2
383,42,4,Hab2
384,48,8,Hab2
385,45,5,Hab2
386,52,9,Hab2
387,31,2,Hab2
388,39,3,Hab2
389,27,1,Hab2
390,31,2,Hab2
391,63,10,Hab2
392,37,3,Hab2
393,47,7,Hab2
394,50,8,Hab2
395,30,1,Hab2
396,35,2,Hab2
397,37,3,Hab2
398,30,1,Hab2
399,27,1,Hab2
400,55,10,Hab2
401,55,10,Hab2
402,28,1,Hab2
403,51,9,Hab2
404,45,6,Hab2
405,37,4,Hab2
406,40,4,Hab2
407,48,7,Hab2
408,34,1,Hab2
409,33,3,Hab2
410,52,7,Hab2
411,37,3,Hab2
412,54,8,Hab2
413,33,2,Hab2
414,40,5,Hab2
415,34,3,Hab2
416,34,2,Hab2
417,57,10,Hab2
418,35,3,Hab2
419,44,5,Hab2
420,26,0,Hab2
421,44,5,Hab2
422,45,6,Hab2
423,44,6,Hab2
424,40,3,Hab2
425,54,9,Hab2
426,42,6,Hab2
427,36,3,Hab2
428,44,4,Hab2
429,36,2,Hab2
430,53,9,Hab2
431,60,10,Hab2
432,44,6,Hab2
433,38,3,Hab2
434,59,10,Hab2
435,32,2,Hab2
436,44,6,Hab2
437,31,1,Hab2
438,44,5,Hab2
439,31,1,Hab2
440,33,2,Hab2
441,34,3,Hab2
442,45,6,Hab2
443,45,7,Hab2
444,33,2,Hab2
445,55,9,Hab2
446,49,7,Hab2
447,48,8,Hab2
448,30,1,Hab2
449,39,4,Hab2
450,47,7,Hab2
451,42,5,Hab2
452,37,3,Hab2
453,34,2,Hab2
454,27,1,Hab2
455,33,2,Hab2
456,56,9,Hab2
457,49,8,Hab2
458,49,7,Hab2
459,35,2,Hab2
460,27,1,Hab2
461,61,10,Hab2
462,40,4,Hab2
463,44,5,Hab2
464,31,2,Hab2
465,41,6,Hab2
466,38,3,Hab2
467,36,2,Hab2
468,46,7,Hab2
469,36,3,Hab2
470,51,8,Hab2
471,31,1,Hab2
472,48,8,Hab2
473,40,4,Hab2
474,50,8,Hab2
475,48,7,Hab2
476,40,4,Hab2
477,45,6,Hab2
478,36,0,Hab2
479,35,2,Hab2
480,50,7,Hab2
481,34,2,Hab2
482,48,8,Hab2
483,38,3,Hab2
484,50,7,Hab2
485,60,9,Hab2
486,27,1,Hab2
487,31,1,Hab2
488,47,7,Hab2
489,39,4,Hab2
490,53,8,Hab2
491,53,10,Hab2
492,26,1,Hab2
493,49,5,Hab2
494,50,7,Hab2
495,29,1,Hab2
496,59,10,Hab2
497,42,3,Hab2
498,25,0,Hab2
499,49,7,Hab2
500,50,8,Hab2
501,53,4,Hab3
502,55,4,Hab3
503,46,3,Hab3
504,38,1,Hab3
505,50,4,Hab3
506,43,2,Hab3
507,52,5,Hab3
508,51,5,Hab3
509,63,9,Hab3
510,46,3,Hab3
511,52,5,Hab3
512,44,1,Hab3
513,66,9,Hab3
514,47,4,Hab3
515,57,7,Hab3
516,42,2,Hab3
517,48,5,Hab3
518,60,8,Hab3
519,39,1,Hab3
520,59,8,Hab3
521,47,3,Hab3
522,45,4,Hab3
523,47,3,Hab3
524,36,0,Hab3
525,53,5,Hab3
526,54,7,Hab3
527,61,9,Hab3
528,36,0,Hab3
529,68,10,Hab3
530,44,3,Hab3
531,66,9,Hab3
532,59,7,Hab3
533,52,4,Hab3
534,60,8,Hab3
535,36,0,Hab3
536,56,7,Hab3
537,45,3,Hab3
538,59,8,Hab3
539,55,5,Hab3
540,46,3,Hab3
541,58,8,Hab3
542,42,1,Hab3
543,60,8,Hab3
544,46,3,Hab3
545,62,8,Hab3
546,66,10,Hab3
547,37,1,Hab3
548,63,9,Hab3
549,61,8,Hab3
550,54,4,Hab3
551,51,3,Hab3
552,40,2,Hab3
553,55,6,Hab3
554,63,9,Hab3
555,51,5,Hab3
556,54,6,Hab3
557,59,7,Hab3
558,51,5,Hab3
559,51,5,Hab3
560,43,0,Hab3
561,39,0,Hab3
562,63,9,Hab3
563,63,8,Hab3
564,41,2,Hab3
565,58,7,Hab3
566,56,7,Hab3
567,46,4,Hab3
568,64,8,Hab3
569,49,5,Hab3
570,66,9,Hab3
571,54,6,Hab3
572,60,9,Hab3
573,57,6,Hab3
574,48,4,Hab3
575,60,9,Hab3
576,59,7,Hab3
577,45,4,Hab3
578,36,0,Hab3
579,53,6,Hab3
580,52,5,Hab3
581,65,9,Hab3
582,58,8,Hab3
583,62,9,Hab3
584,46,4,Hab3
585,66,9,Hab3
586,44,2,Hab3
587,47,3,Hab3
588,57,7,Hab3
589,66,10,Hab3
590,54,6,Hab3
591,54,5,Hab3
592,43,1,Hab3
593,68,10,Hab3
594,40,1,Hab3
595,39,1,Hab3
596,61,9,Hab3
597,52,5,Hab3
598,44,3,Hab3
599,65,9,Hab3
600,36,0,Hab3
601,44,2,Hab3
602,56,7,Hab3
603,41,2,Hab3
604,48,3,Hab3
605,45,2,Hab3
606,58,8,Hab3
607,43,1,Hab3
608,59,8,Hab3
609,46,3,Hab3
610,49,4,Hab3
611,55,6,Hab3
612,41,1,Hab3
613,37,0,Hab3
614,73,10,Hab3
615,60,6,Hab3
616,60,8,Hab3
617,64,9,Hab3
618,60,8,Hab3
619,66,10,Hab3
620,35,0,Hab3
621,59,9,Hab3
622,60,9,Hab3
623,58,8,Hab3
624,51,4,Hab3
625,37,0,Hab3
626,51,4,Hab3
627,46,3,Hab3
628,62,9,Hab3
629,49,4,Hab3
630,49,3,Hab3
631,63,8,Hab3
632,61,8,Hab3
633,51,5,Hab3
634,59,7,Hab3
635,43,1,Hab3
636,46,2,Hab3
637,65,10,Hab3
638,59,8,Hab3
639,58,8,Hab3
640,51,4,Hab3
641,52,6,Hab3
642,63,8,Hab3
643,66,9,Hab3
644,53,4,Hab3
645,40,1,Hab3
646,59,6,Hab3
647,60,7,Hab3
648,43,1,Hab3
649,45,3,Hab3
650,52,6,Hab3
651,60,8,Hab3
652,65,9,Hab3
653,51,5,Hab3
654,54,6,Hab3
655,54,7,Hab3
656,64,9,Hab3
657,61,9,Hab3
658,43,1,Hab3
659,49,5,Hab3
660,51,4,Hab3
661,63,8,Hab3
662,57,8,Hab3
663,39,1,Hab3
664,59,7,Hab3
665,45,2,Hab3
666,39,1,Hab3
667,68,9,Hab3
668,42,2,Hab3
669,54,6,Hab3
670,42,2,Hab3
671,37,0,Hab3
672,52,5,Hab3
673,36,1,Hab3
674,47,3,Hab3
675,47,4,Hab3
676,56,6,Hab3
677,61,8,Hab3
678,44,2,Hab3
679,53,5,Hab3
680,48,4,Hab3
681,56,7,Hab3
682,58,7,Hab3
683,68,8,Hab3
684,63,9,Hab3
685,66,10,Hab3
686,51,6,Hab3
687,52,5,Hab3
688,43,2,Hab3
689,53,5,Hab3
690,50,3,Hab3
691,37,0,Hab3
692,52,6,Hab3
693,50,5,Hab3
694,43,1,Hab3
695,48,3,Hab3
696,57,6,Hab3
697,47,2,Hab3
698,41,1,Hab3
699,49,4,Hab3
700,47,4,Hab3
701,62,8,Hab3
702,43,3,Hab3
703,37,0,Hab3
704,68,9,Hab3
705,48,3,Hab3
706,56,6,Hab3
707,49,5,Hab3
708,49,4,Hab3
709,49,2,Hab3
710,49,4,Hab3
711,54,6,Hab3
712,49,5,Hab3
713,55,7,Hab3
714,61,7,Hab3
715,51,5,Hab3
716,53,4,Hab3
717,37,0,Hab3
718,37,0,Hab3
719,71,10,Hab3
720,37,1,Hab3
721,51,4,Hab3
722,57,7,Hab3
723,58,7,Hab3
724,63,9,Hab3
725,52,6,Hab3
726,63,8,Hab3
727,59,8,Hab3
728,56,6,Hab3
729,60,8,Hab3
730,35,0,Hab3
731,56,4,Hab3
732,64,9,Hab3
733,51,6,Hab3
734,68,9,Hab3
735,46,2,Hab3
736,46,3,Hab3
737,60,8,Hab3
738,69,10,Hab3
739,50,3,Hab3
740,39,0,Hab3
741,65,10,Hab3
742,45,1,Hab3
743,37,0,Hab3
744,50,6,Hab3
745,44,3,Hab3
746,47,5,Hab3
747,63,8,Hab3
748,42,1,Hab3
749,61,7,Hab3
750,63,9,Hab3
751,61,3,Hab4
752,55,2,Hab4
753,55,2,Hab4
754,51,1,Hab4
755,69,6,Hab4
756,62,5,Hab4
757,65,5,Hab4
758,73,9,Hab4
759,47,0,Hab4
760,57,2,Hab4
761,63,5,Hab4
762,49,2,Hab4
763,63,6,Hab4
764,62,5,Hab4
765,64,6,Hab4
766,56,1,Hab4
767,53,1,Hab4
768,58,4,Hab4
769,69,7,Hab4
770,71,7,Hab4
771,75,9,Hab4
772,72,8,Hab4
773,66,7,Hab4
774,71,8,Hab4
775,49,1,Hab4
776,56,3,Hab4
777,54,3,Hab4
778,57,4,Hab4
779,66,6,Hab4
780,71,8,Hab4
781,54,3,Hab4
782,70,8,Hab4
783,48,0,Hab4
784,68,7,Hab4
785,69,8,Hab4
786,59,5,Hab4
787,57,2,Hab4
788,46,0,Hab4
789,57,3,Hab4
790,76,9,Hab4
791,72,9,Hab4
792,58,5,Hab4
793,53,2,Hab4
794,64,5,Hab4
795,70,8,Hab4
796,58,4,Hab4
797,51,1,Hab4
798,60,3,Hab4
799,59,4,Hab4
800,56,3,Hab4
801,60,5,Hab4
802,61,4,Hab4
803,48,1,Hab4
804,48,0,Hab4
805,57,3,Hab4
806,74,10,Hab4
807,66,5,Hab4
808,62,5,Hab4
809,70,7,Hab4
810,68,7,Hab4
811,46,0,Hab4
812,68,7,Hab4
813,61,4,Hab4
814,75,9,Hab4
815,71,8,Hab4
816,50,1,Hab4
817,57,3,Hab4
818,50,1,Hab4
819,65,6,Hab4
820,60,6,Hab4
821,75,7,Hab4
822,55,3,Hab4
823,62,6,Hab4
824,80,10,Hab4
825,68,7,Hab4
826,53,1,Hab4
827,58,5,Hab4
828,53,1,Hab4
829,57,3,Hab4
830,70,7,Hab4
831,49,0,Hab4
832,71,8,Hab4
833,65,5,Hab4
834,66,7,Hab4
835,64,7,Hab4
836,64,6,Hab4
837,69,7,Hab4
838,67,7,Hab4
839,60,3,Hab4
840,52,1,Hab4
841,76,10,Hab4
842,68,7,Hab4
843,64,6,Hab4
844,52,1,Hab4
845,65,6,Hab4
846,52,3,Hab4
847,75,9,Hab4
848,45,0,Hab4
849,54,2,Hab4
850,49,1,Hab4
851,59,3,Hab4
852,70,7,Hab4
853,77,10,Hab4
854,65,7,Hab4
855,62,5,Hab4
856,59,4,Hab4
857,80,9,Hab4
858,49,1,Hab4
859,51,1,Hab4
860,78,9,Hab4
861,59,4,Hab4
862,48,0,Hab4
863,62,6,Hab4
864,64,5,Hab4
865,65,6,Hab4
866,54,3,Hab4
867,52,2,Hab4
868,53,1,Hab4
869,62,5,Hab4
870,63,5,Hab4
871,49,1,Hab4
872,55,2,Hab4
873,69,8,Hab4
874,61,5,Hab4
875,72,9,Hab4
876,72,7,Hab4
877,46,0,Hab4
878,66,7,Hab4
879,77,9,Hab4
880,64,6,Hab4
881,52,1,Hab4
882,72,9,Hab4
883,67,7,Hab4
884,48,1,Hab4
885,65,7,Hab4
886,76,9,Hab4
887,57,4,Hab4
888,55,3,Hab4
889,55,3,Hab4
890,53,2,Hab4
891,65,6,Hab4
892,77,8,Hab4
893,66,7,Hab4
894,63,5,Hab4
895,76,8,Hab4
896,71,8,Hab4
897,46,0,Hab4
898,61,4,Hab4
899,47,1,Hab4
900,71,8,Hab4
901,74,9,Hab4
902,61,5,Hab4
903,72,9,Hab4
904,68,6,Hab4
905,68,7,Hab4
906,62,5,Hab4
907,71,8,Hab4
908,75,9,Hab4
909,72,8,Hab4
910,50,1,Hab4
911,44,0,Hab4
912,50,1,Hab4
913,74,9,Hab4
914,66,6,Hab4
915,57,3,Hab4
916,74,10,Hab4
917,62,6,Hab4
918,63,5,Hab4
919,61,4,Hab4
920,54,3,Hab4
921,73,8,Hab4
922,47,0,Hab4
923,65,4,Hab4
924,74,9,Hab4
925,68,7,Hab4
926,67,7,Hab4
927,56,3,Hab4
928,62,6,Hab4
929,50,1,Hab4
930,75,8,Hab4
931,74,9,Hab4
932,52,2,Hab4
933,67,8,Hab4
934,61,6,Hab4
935,74,10,Hab4
936,51,2,Hab4
937,62,5,Hab4
938,76,9,Hab4
939,73,9,Hab4
940,48,0,Hab4
941,77,10,Hab4
942,61,5,Hab4
943,55,4,Hab4
944,60,4,Hab4
945,47,1,Hab4
946,55,2,Hab4
947,57,4,Hab4
948,57,3,Hab4
949,61,4,Hab4
950,54,3,Hab4
951,63,6,Hab4
952,55,2,Hab4
953,75,10,Hab4
954,46,0,Hab4
955,59,4,Hab4
956,77,10,Hab4
957,64,6,Hab4
958,52,1,Hab4
959,59,4,Hab4
960,57,4,Hab4
961,68,5,Hab4
962,57,4,Hab4
963,63,6,Hab4
964,48,1,Hab4
965,73,9,Hab4
966,64,6,Hab4
967,61,5,Hab4
968,47,1,Hab4
969,75,8,Hab4
970,62,5,Hab4
971,69,8,Hab4
972,50,0,Hab4
973,71,8,Hab4
974,56,3,Hab4
975,58,3,Hab4
976,66,6,Hab4
977,72,9,Hab4
978,46,0,Hab4
979,63,4,Hab4
980,57,4,Hab4
981,63,5,Hab4
982,68,7,Hab4
983,72,9,Hab4
984,63,6,Hab4
985,75,9,Hab4
986,69,8,Hab4
987,49,1,Hab4
988,53,2,Hab4
989,54,2,Hab4
990,57,4,Hab4
991,50,1,Hab4
992,51,2,Hab4
993,67,6,Hab4
994,57,4,Hab4
995,62,6,Hab4
996,74,8,Hab4
997,64,6,Hab4
998,60,4,Hab4
999,67,7,Hab4
1000,50,1,Hab4
1001,21,3,Hab5
1002,29,8,Hab5
1003,22,4,Hab5
1004,34,9,Hab5
1005,33,9,Hab5
1006,7,0,Hab5
1007,23,5,Hab5
1008,31,9,Hab5
1009,24,6,Hab5
1010,23,5,Hab5
1011,36,10,Hab5
1012,24,5,Hab5
1013,26,7,Hab5
1014,25,6,Hab5
1015,9,1,Hab5
1016,32,9,Hab5
1017,17,2,Hab5
1018,6,0,Hab5
1019,16,3,Hab5
1020,33,10,Hab5
1021,34,9,Hab5
1022,29,7,Hab5
1023,25,6,Hab5
1024,36,10,Hab5
1025,31,7,Hab5
1026,29,7,Hab5
1027,21,5,Hab5
1028,24,6,Hab5
1029,14,3,Hab5
1030,12,1,Hab5
1031,41,10,Hab5
1032,34,9,Hab5
1033,27,7,Hab5
1034,38,8,Hab5
1035,5,0,Hab5
1036,22,5,Hab5
1037,28,8,Hab5
1038,13,2,Hab5
1039,13,3,Hab5
1040,11,2,Hab5
1041,9,1,Hab5
1042,19,4,Hab5
1043,20,4,Hab5
1044,17,4,Hab5
1045,15,2,Hab5
1046,11,1,Hab5
1047,14,2,Hab5
1048,20,5,Hab5
1049,15,3,Hab5
1050,35,9,Hab5
1051,7,0,Hab5
1052,18,4,Hab5
1053,29,8,Hab5
1054,7,1,Hab5
1055,23,6,Hab5
1056,16,2,Hab5
1057,12,1,Hab5
1058,32,8,Hab5
1059,32,9,Hab5
1060,17,4,Hab5
1061,33,7,Hab5
1062,9,1,Hab5
1063,19,4,Hab5
1064,14,3,Hab5
1065,31,8,Hab5
1066,18,4,Hab5
1067,29,8,Hab5
1068,32,8,Hab5
1069,30,8,Hab5
1070,21,4,Hab5
1071,28,8,Hab5
1072,27,6,Hab5
1073,27,7,Hab5
1074,8,0,Hab5
1075,23,5,Hab5
1076,13,2,Hab5
1077,20,4,Hab5
1078,20,6,Hab5
1079,17,4,Hab5
1080,11,1,Hab5
1081,11,2,Hab5
1082,30,7,Hab5
1083,18,4,Hab5
1084,32,8,Hab5
1085,14,1,Hab5
1086,16,4,Hab5
1087,35,10,Hab5
1088,35,9,Hab5
1089,33,9,Hab5
1090,15,2,Hab5
1091,15,1,Hab5
1092,25,7,Hab5
1093,16,3,Hab5
1094,29,7,Hab5
1095,13,3,Hab5
1096,19,2,Hab5
1097,29,8,Hab5
1098,7,1,Hab5
1099,23,5,Hab5
1100,24,5,Hab5
1101,24,6,Hab5
1102,15,3,Hab5
1103,21,5,Hab5
1104,34,10,Hab5
1105,21,5,Hab5
1106,32,9,Hab5
1107,34,9,Hab5
1108,25,6,Hab5
1109,23,4,Hab5
1110,9,1,Hab5
1111,34,9,Hab5
1112,13,3,Hab5
1113,12,1,Hab5
1114,33,9,Hab5
1115,29,7,Hab5
1116,8,1,Hab5
1117,22,5,Hab5
1118,39,10,Hab5
1119,22,6,Hab5
1120,21,4,Hab5
1121,24,6,Hab5
1122,15,3,Hab5
1123,15,3,Hab5
1124,9,2,Hab5
1125,19,4,Hab5
1126,38,10,Hab5
1127,16,2,Hab5
1128,6,1,Hab5
1129,16,1,Hab5
1130,27,7,Hab5
1131,29,6,Hab5
1132,35,9,Hab5
1133,28,7,Hab5
1134,30,7,Hab5
1135,18,5,Hab5
1136,29,7,Hab5
1137,30,8,Hab5
1138,33,8,Hab5
1139,37,10,Hab5
1140,18,4,Hab5
1141,18,3,Hab5
1142,16,4,Hab5
1143,9,0,Hab5
1144,12,2,Hab5
1145,32,8,Hab5
1146,17,2,Hab5
1147,10,2,Hab5
1148,12,1,Hab5
1149,15,2,Hab5
1150,27,7,Hab5
1151,30,8,Hab5
1152,20,5,Hab5
1153,19,4,Hab5
1154,16,2,Hab5
1155,10,1,Hab5
1156,19,4,Hab5
1157,26,6,Hab5
1158,13,2,Hab5
1159,19,4,Hab5
1160,9,2,Hab5
1161,19,5,Hab5
1162,22,4,Hab5
1163,27,6,Hab5
1164,17,4,Hab5
1165,20,4,Hab5
1166,23,5,Hab5
1167,27,7,Hab5
1168,15,2,Hab5
1169,19,4,Hab5
1170,19,3,Hab5
1171,25,6,Hab5
1172,16,2,Hab5
1173,34,9,Hab5
1174,27,7,Hab5
1175,32,7,Hab5
1176,26,6,Hab5
1177,18,4,Hab5
1178,18,5,Hab5
1179,34,9,Hab5
1180,25,6,Hab5
1181,34,8,Hab5
1182,18,3,Hab5
1183,30,7,Hab5
1184,15,3,Hab5
1185,28,6,Hab5
1186,20,5,Hab5
1187,15,3,Hab5
1188,26,6,Hab5
1189,39,9,Hab5
1190,34,9,Hab5
1191,16,3,Hab5
1192,13,3,Hab5
1193,42,10,Hab5
1194,22,6,Hab5
1195,31,9,Hab5
1196,25,5,Hab5
1197,19,4,Hab5
1198,27,7,Hab5
1199,16,2,Hab5
1200,21,6,Hab5
1201,71,2,Hab6
1202,98,10,Hab6
1203,83,6,Hab6
1204,81,5,Hab6
1205,77,4,Hab6
1206,96,9,Hab6
1207,77,4,Hab6
1208,78,3,Hab6
1209,72,2,Hab6
1210,72,2,Hab6
1211,83,5,Hab6
1212,73,3,Hab6
1213,69,2,Hab6
1214,94,7,Hab6
1215,67,0,Hab6
1216,90,7,Hab6
1217,82,4,Hab6
1218,80,4,Hab6
1219,96,8,Hab6
1220,91,9,Hab6
1221,79,3,Hab6
1222,99,10,Hab6
1223,90,7,Hab6
1224,87,7,Hab6
1225,67,1,Hab6
1226,78,4,Hab6
1227,81,5,Hab6
1228,87,6,Hab6
1229,87,7,Hab6
1230,93,9,Hab6
1231,86,6,Hab6
1232,81,4,Hab6
1233,82,5,Hab6
1234,71,1,Hab6
1235,73,3,Hab6
1236,77,4,Hab6
1237,77,2,Hab6
1238,92,8,Hab6
1239,75,2,Hab6
1240,90,8,Hab6
1241,82,5,Hab6
1242,90,7,Hab6
1243,76,2,Hab6
1244,84,6,Hab6
1245,73,3,Hab6
1246,89,7,Hab6
1247,80,4,Hab6
1248,94,10,Hab6
1249,96,10,Hab6
1250,88,7,Hab6
1251,77,3,Hab6
1252,76,2,Hab6
1253,85,6,Hab6
1254,76,3,Hab6
1255,83,5,Hab6
1256,93,8,Hab6
1257,76,2,Hab6
1258,76,4,Hab6
1259,82,5,Hab6
1260,93,9,Hab6
1261,96,9,Hab6
1262,96,9,Hab6
1263,85,7,Hab6
1264,98,10,Hab6
1265,80,5,Hab6
1266,82,6,Hab6
1267,80,3,Hab6
1268,74,3,Hab6
1269,68,0,Hab6
1270,80,5,Hab6
1271,90,9,Hab6
1272,67,0,Hab6
1273,67,1,Hab6
1274,72,2,Hab6
1275,90,8,Hab6
1276,88,7,Hab6
1277,99,10,Hab6
1278,80,5,Hab6
1279,70,1,Hab6
1280,85,6,Hab6
1281,92,8,Hab6
1282,71,1,Hab6
1283,81,4,Hab6
1284,76,2,Hab6
1285,74,1,Hab6
1286,79,4,Hab6
1287,70,1,Hab6
1288,71,2,Hab6
1289,70,1,Hab6
1290,86,7,Hab6
1291,72,3,Hab6
1292,71,1,Hab6
1293,70,1,Hab6
1294,92,9,Hab6
1295,90,8,Hab6
1296,91,8,Hab6
1297,95,10,Hab6
1298,67,1,Hab6
1299,69,1,Hab6
1300,90,8,Hab6
1301,93,8,Hab6
1302,65,0,Hab6
1303,87,8,Hab6
1304,90,7,Hab6
1305,84,6,Hab6
1306,83,5,Hab6
1307,73,2,Hab6
1308,66,0,Hab6
1309,80,5,Hab6
1310,81,5,Hab6
1311,80,4,Hab6
1312,82,5,Hab6
1313,89,7,Hab6
1314,71,1,Hab6
1315,79,4,Hab6
1316,90,8,Hab6
1317,87,8,Hab6
1318,68,2,Hab6
1319,86,4,Hab6
1320,91,9,Hab6
1321,93,9,Hab6
1322,77,3,Hab6
1323,71,1,Hab6
1324,91,7,Hab6
1325,70,1,Hab6
1326,68,0,Hab6
1327,99,10,Hab6
1328,67,0,Hab6
1329,78,3,Hab6
1330,90,9,Hab6
1331,84,6,Hab6
1332,79,3,Hab6
1333,89,7,Hab6
1334,94,8,Hab6
1335,74,3,Hab6
1336,81,5,Hab6
1337,90,7,Hab6
1338,91,6,Hab6
1339,84,6,Hab6
1340,92,10,Hab6
1341,85,4,Hab6
1342,68,1,Hab6
1343,79,5,Hab6
1344,73,2,Hab6
1345,81,5,Hab6
1346,79,4,Hab6
1347,99,10,Hab6
1348,76,4,Hab6
1349,74,2,Hab6
1350,89,6,Hab6
1351,69,1,Hab6
1352,95,10,Hab6
1353,80,5,Hab6
1354,70,2,Hab6
1355,85,6,Hab6
1356,97,10,Hab6
1357,88,7,Hab6
1358,82,4,Hab6
1359,72,3,Hab6
1360,89,8,Hab6
1361,70,1,Hab6
1362,71,2,Hab6
1363,94,9,Hab6
1364,76,3,Hab6
1365,79,4,Hab6
1366,89,8,Hab6
1367,71,2,Hab6
1368,66,0,Hab6
1369,80,4,Hab6
1370,83,5,Hab6
1371,82,4,Hab6
1372,78,3,Hab6
1373,95,9,Hab6
1374,84,5,Hab6
1375,80,5,Hab6
1376,95,10,Hab6
1377,90,8,Hab6
1378,72,2,Hab6
1379,77,3,Hab6
1380,99,10,Hab6
1381,83,6,Hab6
1382,93,8,Hab6
1383,75,4,Hab6
1384,92,8,Hab6
1385,84,5,Hab6
1386,94,9,Hab6
1387,71,2,Hab6
1388,72,3,Hab6
1389,69,1,Hab6
1390,76,2,Hab6
1391,101,10,Hab6
1392,76,3,Hab6
1393,86,7,Hab6
1394,91,8,Hab6
1395,72,1,Hab6
1396,72,2,Hab6
1397,73,3,Hab6
1398,69,1,Hab6
1399,69,1,Hab6
1400,95,10,Hab6
